{
  "accuracy": 0.5509193776520509,
  "precision": 0.5509193776520509,
  "recall": 1.0,
  "f1_score": 0.7104423164614683
}