{
  "accuracy": 0.5222300635144672,
  "precision": 0.5222300635144672,
  "recall": 1.0,
  "f1_score": 0.6861381548446917
}