{
  "accuracy": 0.5243472124206069,
  "precision": 0.5279661016949152,
  "recall": 0.8418918918918918,
  "f1_score": 0.6489583333333333
}