{
  "accuracy": 0.5513819985825655,
  "precision": 0.5547945205479452,
  "recall": 0.9382239382239382,
  "f1_score": 0.697274031563845
}